{
  "swaggerVersion": "1.2",
  "apiVersion": "networking.k8s.io/v1",
  "basePath": "https://10.10.10.10:6443",
  "resourcePath": "/apis/networking.k8s.io/v1",
  "info": {
   "title": "",
   "description": ""
  },
  "apis": [
   {
    "path": "/apis/networking.k8s.io/v1/namespaces/{namespace}/networkpolicies",
    "description": "API at /apis/networking.k8s.io/v1",
    "operations": [
     {
      "type": "v1.NetworkPolicyList",
      "method": "GET",
      "summary": "list or watch objects of kind NetworkPolicy",
      "nickname": "listNamespacedNetworkPolicy",
      "parameters": [
       {
        "type": "string",
        "paramType": "query",
        "name": "pretty",
        "description": "If 'true', then the output is pretty printed.",
        "required": false,
        "allowMultiple": false
       },
       {
        "type": "string",
        "paramType": "query",
        "name": "labelSelector",
        "description": "A selector to restrict the list of returned objects by their labels. Defaults to everything.",
        "required": false,
        "allowMultiple": false
       },
       {
        "type": "string",
        "paramType": "query",
        "name": "fieldSelector",
        "description": "A selector to restrict the list of returned objects by their fields. Defaults to everything.",
        "required": false,
        "allowMultiple": false
       },
       {
        "type": "boolean",
        "paramType": "query",
        "name": "includeUninitialized",
        "description": "If true, partially initialized resources are included in the response.",
        "required": false,
        "allowMultiple": false
       },
       {
        "type": "boolean",
        "paramType": "query",
        "name": "watch",
        "description": "Watch for changes to the described resources and return them as a stream of add, update, and remove notifications. Specify resourceVersion.",
        "required": false,
        "allowMultiple": false
       },
       {
        "type": "string",
        "paramType": "query",
        "name": "resourceVersion",
        "description": "When specified with a watch call, shows changes that occur after that particular version of a resource. Defaults to changes from the beginning of history. When specified for list: - if unset, then the result is returned from remote storage based on quorum-read flag; - if it's 0, then we simply return what we currently have in cache, no guarantee; - if set to non zero, then the result is at least as fresh as given rv.",
        "required": false,
        "allowMultiple": false
       },
       {
        "type": "integer",
        "paramType": "query",
        "name": "timeoutSeconds",
        "description": "Timeout for the list/watch call. This limits the duration of the call, regardless of any activity or inactivity.",
        "required": false,
        "allowMultiple": false
       },
       {
        "type": "integer",
        "paramType": "query",
        "name": "limit",
        "description": "limit is a maximum number of responses to return for a list call. If more items exist, the server will set the `continue` field on the list metadata to a value that can be used with the same initial query to retrieve the next set of results. Setting a limit may return fewer than the requested amount of items (up to zero items) in the event all requested objects are filtered out and clients should only use the presence of the continue field to determine whether more results are available. Servers may choose not to support the limit argument and will return all of the available results. If limit is specified and the continue field is empty, clients may assume that no more results are available. This field is not supported if watch is true.\n\nThe server guarantees that the objects returned when using continue will be identical to issuing a single list call without a limit - that is, no objects created, modified, or deleted after the first request is issued will be included in any subsequent continued requests. This is sometimes referred to as a consistent snapshot, and ensures that a client that is using limit to receive smaller chunks of a very large result can ensure they see all possible objects. If objects are updated during a chunked list the version of the object that was present at the time the first list result was calculated is returned.",
        "required": false,
        "allowMultiple": false
       },
       {
        "type": "string",
        "paramType": "query",
        "name": "continue",
        "description": "The continue option should be set when retrieving more results from the server. Since this value is server defined, clients may only use the continue value from a previous query result with identical query parameters (except for the value of continue) and the server may reject a continue value it does not recognize. If the specified continue value is no longer valid whether due to expiration (generally five to fifteen minutes) or a configuration change on the server the server will respond with a 410 ResourceExpired error indicating the client must restart their list without the continue field. This field is not supported when watch is true. Clients may start a watch from the last resourceVersion value returned by the server and not miss any modifications.",
        "required": false,
        "allowMultiple": false
       },
       {
        "type": "string",
        "paramType": "path",
        "name": "namespace",
        "description": "object name and auth scope, such as for teams and projects",
        "required": true,
        "allowMultiple": false
       }
      ],
      "responseMessages": [
       {
        "code": 200,
        "message": "OK",
        "responseModel": "v1.NetworkPolicyList"
       }
      ],
      "produces": [
       "application/json",
       "application/yaml",
       "application/vnd.kubernetes.protobuf",
       "application/json;stream=watch",
       "application/vnd.kubernetes.protobuf;stream=watch"
      ],
      "consumes": [
       "*/*"
      ]
     },
     {
      "type": "v1.NetworkPolicy",
      "method": "POST",
      "summary": "create a NetworkPolicy",
      "nickname": "createNamespacedNetworkPolicy",
      "parameters": [
       {
        "type": "string",
        "paramType": "query",
        "name": "pretty",
        "description": "If 'true', then the output is pretty printed.",
        "required": false,
        "allowMultiple": false
       },
       {
        "type": "v1.NetworkPolicy",
        "paramType": "body",
        "name": "body",
        "description": "",
        "required": true,
        "allowMultiple": false
       },
       {
        "type": "string",
        "paramType": "path",
        "name": "namespace",
        "description": "object name and auth scope, such as for teams and projects",
        "required": true,
        "allowMultiple": false
       }
      ],
      "responseMessages": [
       {
        "code": 200,
        "message": "OK",
        "responseModel": "v1.NetworkPolicy"
       },
       {
        "code": 201,
        "message": "Created",
        "responseModel": "v1.NetworkPolicy"
       },
       {
        "code": 202,
        "message": "Accepted",
        "responseModel": "v1.NetworkPolicy"
       }
      ],
      "produces": [
       "application/json",
       "application/yaml",
       "application/vnd.kubernetes.protobuf"
      ],
      "consumes": [
       "*/*"
      ]
     },
     {
      "type": "v1.Status",
      "method": "DELETE",
      "summary": "delete collection of NetworkPolicy",
      "nickname": "deletecollectionNamespacedNetworkPolicy",
      "parameters": [
       {
        "type": "string",
        "paramType": "query",
        "name": "pretty",
        "description": "If 'true', then the output is pretty printed.",
        "required": false,
        "allowMultiple": false
       },
       {
        "type": "string",
        "paramType": "query",
        "name": "labelSelector",
        "description": "A selector to restrict the list of returned objects by their labels. Defaults to everything.",
        "required": false,
        "allowMultiple": false
       },
       {
        "type": "string",
        "paramType": "query",
        "name": "fieldSelector",
        "description": "A selector to restrict the list of returned objects by their fields. Defaults to everything.",
        "required": false,
        "allowMultiple": false
       },
       {
        "type": "boolean",
        "paramType": "query",
        "name": "includeUninitialized",
        "description": "If true, partially initialized resources are included in the response.",
        "required": false,
        "allowMultiple": false
       },
       {
        "type": "boolean",
        "paramType": "query",
        "name": "watch",
        "description": "Watch for changes to the described resources and return them as a stream of add, update, and remove notifications. Specify resourceVersion.",
        "required": false,
        "allowMultiple": false
       },
       {
        "type": "string",
        "paramType": "query",
        "name": "resourceVersion",
        "description": "When specified with a watch call, shows changes that occur after that particular version of a resource. Defaults to changes from the beginning of history. When specified for list: - if unset, then the result is returned from remote storage based on quorum-read flag; - if it's 0, then we simply return what we currently have in cache, no guarantee; - if set to non zero, then the result is at least as fresh as given rv.",
        "required": false,
        "allowMultiple": false
       },
       {
        "type": "integer",
        "paramType": "query",
        "name": "timeoutSeconds",
        "description": "Timeout for the list/watch call. This limits the duration of the call, regardless of any activity or inactivity.",
        "required": false,
        "allowMultiple": false
       },
       {
        "type": "integer",
        "paramType": "query",
        "name": "limit",
        "description": "limit is a maximum number of responses to return for a list call. If more items exist, the server will set the `continue` field on the list metadata to a value that can be used with the same initial query to retrieve the next set of results. Setting a limit may return fewer than the requested amount of items (up to zero items) in the event all requested objects are filtered out and clients should only use the presence of the continue field to determine whether more results are available. Servers may choose not to support the limit argument and will return all of the available results. If limit is specified and the continue field is empty, clients may assume that no more results are available. This field is not supported if watch is true.\n\nThe server guarantees that the objects returned when using continue will be identical to issuing a single list call without a limit - that is, no objects created, modified, or deleted after the first request is issued will be included in any subsequent continued requests. This is sometimes referred to as a consistent snapshot, and ensures that a client that is using limit to receive smaller chunks of a very large result can ensure they see all possible objects. If objects are updated during a chunked list the version of the object that was present at the time the first list result was calculated is returned.",
        "required": false,
        "allowMultiple": false
       },
       {
        "type": "string",
        "paramType": "query",
        "name": "continue",
        "description": "The continue option should be set when retrieving more results from the server. Since this value is server defined, clients may only use the continue value from a previous query result with identical query parameters (except for the value of continue) and the server may reject a continue value it does not recognize. If the specified continue value is no longer valid whether due to expiration (generally five to fifteen minutes) or a configuration change on the server the server will respond with a 410 ResourceExpired error indicating the client must restart their list without the continue field. This field is not supported when watch is true. Clients may start a watch from the last resourceVersion value returned by the server and not miss any modifications.",
        "required": false,
        "allowMultiple": false
       },
       {
        "type": "string",
        "paramType": "path",
        "name": "namespace",
        "description": "object name and auth scope, such as for teams and projects",
        "required": true,
        "allowMultiple": false
       }
      ],
      "responseMessages": [
       {
        "code": 200,
        "message": "OK",
        "responseModel": "v1.Status"
       }
      ],
      "produces": [
       "application/json",
       "application/yaml",
       "application/vnd.kubernetes.protobuf"
      ],
      "consumes": [
       "*/*"
      ]
     }
    ]
   },
   {
    "path": "/apis/networking.k8s.io/v1/watch/namespaces/{namespace}/networkpolicies",
    "description": "API at /apis/networking.k8s.io/v1",
    "operations": [
     {
      "type": "v1.WatchEvent",
      "method": "GET",
      "summary": "watch individual changes to a list of NetworkPolicy",
      "nickname": "watchNamespacedNetworkPolicyList",
      "parameters": [
       {
        "type": "string",
        "paramType": "query",
        "name": "pretty",
        "description": "If 'true', then the output is pretty printed.",
        "required": false,
        "allowMultiple": false
       },
       {
        "type": "string",
        "paramType": "query",
        "name": "labelSelector",
        "description": "A selector to restrict the list of returned objects by their labels. Defaults to everything.",
        "required": false,
        "allowMultiple": false
       },
       {
        "type": "string",
        "paramType": "query",
        "name": "fieldSelector",
        "description": "A selector to restrict the list of returned objects by their fields. Defaults to everything.",
        "required": false,
        "allowMultiple": false
       },
       {
        "type": "boolean",
        "paramType": "query",
        "name": "includeUninitialized",
        "description": "If true, partially initialized resources are included in the response.",
        "required": false,
        "allowMultiple": false
       },
       {
        "type": "boolean",
        "paramType": "query",
        "name": "watch",
        "description": "Watch for changes to the described resources and return them as a stream of add, update, and remove notifications. Specify resourceVersion.",
        "required": false,
        "allowMultiple": false
       },
       {
        "type": "string",
        "paramType": "query",
        "name": "resourceVersion",
        "description": "When specified with a watch call, shows changes that occur after that particular version of a resource. Defaults to changes from the beginning of history. When specified for list: - if unset, then the result is returned from remote storage based on quorum-read flag; - if it's 0, then we simply return what we currently have in cache, no guarantee; - if set to non zero, then the result is at least as fresh as given rv.",
        "required": false,
        "allowMultiple": false
       },
       {
        "type": "integer",
        "paramType": "query",
        "name": "timeoutSeconds",
        "description": "Timeout for the list/watch call. This limits the duration of the call, regardless of any activity or inactivity.",
        "required": false,
        "allowMultiple": false
       },
       {
        "type": "integer",
        "paramType": "query",
        "name": "limit",
        "description": "limit is a maximum number of responses to return for a list call. If more items exist, the server will set the `continue` field on the list metadata to a value that can be used with the same initial query to retrieve the next set of results. Setting a limit may return fewer than the requested amount of items (up to zero items) in the event all requested objects are filtered out and clients should only use the presence of the continue field to determine whether more results are available. Servers may choose not to support the limit argument and will return all of the available results. If limit is specified and the continue field is empty, clients may assume that no more results are available. This field is not supported if watch is true.\n\nThe server guarantees that the objects returned when using continue will be identical to issuing a single list call without a limit - that is, no objects created, modified, or deleted after the first request is issued will be included in any subsequent continued requests. This is sometimes referred to as a consistent snapshot, and ensures that a client that is using limit to receive smaller chunks of a very large result can ensure they see all possible objects. If objects are updated during a chunked list the version of the object that was present at the time the first list result was calculated is returned.",
        "required": false,
        "allowMultiple": false
       },
       {
        "type": "string",
        "paramType": "query",
        "name": "continue",
        "description": "The continue option should be set when retrieving more results from the server. Since this value is server defined, clients may only use the continue value from a previous query result with identical query parameters (except for the value of continue) and the server may reject a continue value it does not recognize. If the specified continue value is no longer valid whether due to expiration (generally five to fifteen minutes) or a configuration change on the server the server will respond with a 410 ResourceExpired error indicating the client must restart their list without the continue field. This field is not supported when watch is true. Clients may start a watch from the last resourceVersion value returned by the server and not miss any modifications.",
        "required": false,
        "allowMultiple": false
       },
       {
        "type": "string",
        "paramType": "path",
        "name": "namespace",
        "description": "object name and auth scope, such as for teams and projects",
        "required": true,
        "allowMultiple": false
       }
      ],
      "responseMessages": [
       {
        "code": 200,
        "message": "OK",
        "responseModel": "v1.WatchEvent"
       }
      ],
      "produces": [
       "application/json",
       "application/yaml",
       "application/vnd.kubernetes.protobuf",
       "application/json;stream=watch",
       "application/vnd.kubernetes.protobuf;stream=watch"
      ],
      "consumes": [
       "*/*"
      ]
     }
    ]
   },
   {
    "path": "/apis/networking.k8s.io/v1/namespaces/{namespace}/networkpolicies/{name}",
    "description": "API at /apis/networking.k8s.io/v1",
    "operations": [
     {
      "type": "v1.NetworkPolicy",
      "method": "GET",
      "summary": "read the specified NetworkPolicy",
      "nickname": "readNamespacedNetworkPolicy",
      "parameters": [
       {
        "type": "string",
        "paramType": "query",
        "name": "pretty",
        "description": "If 'true', then the output is pretty printed.",
        "required": false,
        "allowMultiple": false
       },
       {
        "type": "boolean",
        "paramType": "query",
        "name": "export",
        "description": "Should this value be exported.  Export strips fields that a user can not specify.",
        "required": false,
        "allowMultiple": false
       },
       {
        "type": "boolean",
        "paramType": "query",
        "name": "exact",
        "description": "Should the export be exact.  Exact export maintains cluster-specific fields like 'Namespace'.",
        "required": false,
        "allowMultiple": false
       },
       {
        "type": "string",
        "paramType": "path",
        "name": "namespace",
        "description": "object name and auth scope, such as for teams and projects",
        "required": true,
        "allowMultiple": false
       },
       {
        "type": "string",
        "paramType": "path",
        "name": "name",
        "description": "name of the NetworkPolicy",
        "required": true,
        "allowMultiple": false
       }
      ],
      "responseMessages": [
       {
        "code": 200,
        "message": "OK",
        "responseModel": "v1.NetworkPolicy"
       }
      ],
      "produces": [
       "application/json",
       "application/yaml",
       "application/vnd.kubernetes.protobuf"
      ],
      "consumes": [
       "*/*"
      ]
     },
     {
      "type": "v1.NetworkPolicy",
      "method": "PUT",
      "summary": "replace the specified NetworkPolicy",
      "nickname": "replaceNamespacedNetworkPolicy",
      "parameters": [
       {
        "type": "string",
        "paramType": "query",
        "name": "pretty",
        "description": "If 'true', then the output is pretty printed.",
        "required": false,
        "allowMultiple": false
       },
       {
        "type": "v1.NetworkPolicy",
        "paramType": "body",
        "name": "body",
        "description": "",
        "required": true,
        "allowMultiple": false
       },
       {
        "type": "string",
        "paramType": "path",
        "name": "namespace",
        "description": "object name and auth scope, such as for teams and projects",
        "required": true,
        "allowMultiple": false
       },
       {
        "type": "string",
        "paramType": "path",
        "name": "name",
        "description": "name of the NetworkPolicy",
        "required": true,
        "allowMultiple": false
       }
      ],
      "responseMessages": [
       {
        "code": 200,
        "message": "OK",
        "responseModel": "v1.NetworkPolicy"
       },
       {
        "code": 201,
        "message": "Created",
        "responseModel": "v1.NetworkPolicy"
       }
      ],
      "produces": [
       "application/json",
       "application/yaml",
       "application/vnd.kubernetes.protobuf"
      ],
      "consumes": [
       "*/*"
      ]
     },
     {
      "type": "v1.NetworkPolicy",
      "method": "PATCH",
      "summary": "partially update the specified NetworkPolicy",
      "nickname": "patchNamespacedNetworkPolicy",
      "parameters": [
       {
        "type": "string",
        "paramType": "query",
        "name": "pretty",
        "description": "If 'true', then the output is pretty printed.",
        "required": false,
        "allowMultiple": false
       },
       {
        "type": "v1.Patch",
        "paramType": "body",
        "name": "body",
        "description": "",
        "required": true,
        "allowMultiple": false
       },
       {
        "type": "string",
        "paramType": "path",
        "name": "namespace",
        "description": "object name and auth scope, such as for teams and projects",
        "required": true,
        "allowMultiple": false
       },
       {
        "type": "string",
        "paramType": "path",
        "name": "name",
        "description": "name of the NetworkPolicy",
        "required": true,
        "allowMultiple": false
       }
      ],
      "responseMessages": [
       {
        "code": 200,
        "message": "OK",
        "responseModel": "v1.NetworkPolicy"
       }
      ],
      "produces": [
       "application/json",
       "application/yaml",
       "application/vnd.kubernetes.protobuf"
      ],
      "consumes": [
       "application/json-patch+json",
       "application/merge-patch+json",
       "application/strategic-merge-patch+json"
      ]
     },
     {
      "type": "v1.Status",
      "method": "DELETE",
      "summary": "delete a NetworkPolicy",
      "nickname": "deleteNamespacedNetworkPolicy",
      "parameters": [
       {
        "type": "string",
        "paramType": "query",
        "name": "pretty",
        "description": "If 'true', then the output is pretty printed.",
        "required": false,
        "allowMultiple": false
       },
       {
        "type": "v1.DeleteOptions",
        "paramType": "body",
        "name": "body",
        "description": "",
        "required": true,
        "allowMultiple": false
       },
       {
        "type": "integer",
        "paramType": "query",
        "name": "gracePeriodSeconds",
        "description": "The duration in seconds before the object should be deleted. Value must be non-negative integer. The value zero indicates delete immediately. If this value is nil, the default grace period for the specified type will be used. Defaults to a per object value if not specified. zero means delete immediately.",
        "required": false,
        "allowMultiple": false
       },
       {
        "type": "boolean",
        "paramType": "query",
        "name": "orphanDependents",
        "description": "Deprecated: please use the PropagationPolicy, this field will be deprecated in 1.7. Should the dependent objects be orphaned. If true/false, the \"orphan\" finalizer will be added to/removed from the object's finalizers list. Either this field or PropagationPolicy may be set, but not both.",
        "required": false,
        "allowMultiple": false
       },
       {
        "type": "string",
        "paramType": "query",
        "name": "propagationPolicy",
        "description": "Whether and how garbage collection will be performed. Either this field or OrphanDependents may be set, but not both. The default policy is decided by the existing finalizer set in the metadata.finalizers and the resource-specific default policy. Acceptable values are: 'Orphan' - orphan the dependents; 'Background' - allow the garbage collector to delete the dependents in the background; 'Foreground' - a cascading policy that deletes all dependents in the foreground.",
        "required": false,
        "allowMultiple": false
       },
       {
        "type": "string",
        "paramType": "path",
        "name": "namespace",
        "description": "object name and auth scope, such as for teams and projects",
        "required": true,
        "allowMultiple": false
       },
       {
        "type": "string",
        "paramType": "path",
        "name": "name",
        "description": "name of the NetworkPolicy",
        "required": true,
        "allowMultiple": false
       }
      ],
      "responseMessages": [
       {
        "code": 200,
        "message": "OK",
        "responseModel": "v1.Status"
       }
      ],
      "produces": [
       "application/json",
       "application/yaml",
       "application/vnd.kubernetes.protobuf"
      ],
      "consumes": [
       "*/*"
      ]
     }
    ]
   },
   {
    "path": "/apis/networking.k8s.io/v1/watch/namespaces/{namespace}/networkpolicies/{name}",
    "description": "API at /apis/networking.k8s.io/v1",
    "operations": [
     {
      "type": "v1.WatchEvent",
      "method": "GET",
      "summary": "watch changes to an object of kind NetworkPolicy",
      "nickname": "watchNamespacedNetworkPolicy",
      "parameters": [
       {
        "type": "string",
        "paramType": "query",
        "name": "pretty",
        "description": "If 'true', then the output is pretty printed.",
        "required": false,
        "allowMultiple": false
       },
       {
        "type": "string",
        "paramType": "query",
        "name": "labelSelector",
        "description": "A selector to restrict the list of returned objects by their labels. Defaults to everything.",
        "required": false,
        "allowMultiple": false
       },
       {
        "type": "string",
        "paramType": "query",
        "name": "fieldSelector",
        "description": "A selector to restrict the list of returned objects by their fields. Defaults to everything.",
        "required": false,
        "allowMultiple": false
       },
       {
        "type": "boolean",
        "paramType": "query",
        "name": "includeUninitialized",
        "description": "If true, partially initialized resources are included in the response.",
        "required": false,
        "allowMultiple": false
       },
       {
        "type": "boolean",
        "paramType": "query",
        "name": "watch",
        "description": "Watch for changes to the described resources and return them as a stream of add, update, and remove notifications. Specify resourceVersion.",
        "required": false,
        "allowMultiple": false
       },
       {
        "type": "string",
        "paramType": "query",
        "name": "resourceVersion",
        "description": "When specified with a watch call, shows changes that occur after that particular version of a resource. Defaults to changes from the beginning of history. When specified for list: - if unset, then the result is returned from remote storage based on quorum-read flag; - if it's 0, then we simply return what we currently have in cache, no guarantee; - if set to non zero, then the result is at least as fresh as given rv.",
        "required": false,
        "allowMultiple": false
       },
       {
        "type": "integer",
        "paramType": "query",
        "name": "timeoutSeconds",
        "description": "Timeout for the list/watch call. This limits the duration of the call, regardless of any activity or inactivity.",
        "required": false,
        "allowMultiple": false
       },
       {
        "type": "integer",
        "paramType": "query",
        "name": "limit",
        "description": "limit is a maximum number of responses to return for a list call. If more items exist, the server will set the `continue` field on the list metadata to a value that can be used with the same initial query to retrieve the next set of results. Setting a limit may return fewer than the requested amount of items (up to zero items) in the event all requested objects are filtered out and clients should only use the presence of the continue field to determine whether more results are available. Servers may choose not to support the limit argument and will return all of the available results. If limit is specified and the continue field is empty, clients may assume that no more results are available. This field is not supported if watch is true.\n\nThe server guarantees that the objects returned when using continue will be identical to issuing a single list call without a limit - that is, no objects created, modified, or deleted after the first request is issued will be included in any subsequent continued requests. This is sometimes referred to as a consistent snapshot, and ensures that a client that is using limit to receive smaller chunks of a very large result can ensure they see all possible objects. If objects are updated during a chunked list the version of the object that was present at the time the first list result was calculated is returned.",
        "required": false,
        "allowMultiple": false
       },
       {
        "type": "string",
        "paramType": "query",
        "name": "continue",
        "description": "The continue option should be set when retrieving more results from the server. Since this value is server defined, clients may only use the continue value from a previous query result with identical query parameters (except for the value of continue) and the server may reject a continue value it does not recognize. If the specified continue value is no longer valid whether due to expiration (generally five to fifteen minutes) or a configuration change on the server the server will respond with a 410 ResourceExpired error indicating the client must restart their list without the continue field. This field is not supported when watch is true. Clients may start a watch from the last resourceVersion value returned by the server and not miss any modifications.",
        "required": false,
        "allowMultiple": false
       },
       {
        "type": "string",
        "paramType": "path",
        "name": "namespace",
        "description": "object name and auth scope, such as for teams and projects",
        "required": true,
        "allowMultiple": false
       },
       {
        "type": "string",
        "paramType": "path",
        "name": "name",
        "description": "name of the NetworkPolicy",
        "required": true,
        "allowMultiple": false
       }
      ],
      "responseMessages": [
       {
        "code": 200,
        "message": "OK",
        "responseModel": "v1.WatchEvent"
       }
      ],
      "produces": [
       "application/json",
       "application/yaml",
       "application/vnd.kubernetes.protobuf",
       "application/json;stream=watch",
       "application/vnd.kubernetes.protobuf;stream=watch"
      ],
      "consumes": [
       "*/*"
      ]
     }
    ]
   },
   {
    "path": "/apis/networking.k8s.io/v1/networkpolicies",
    "description": "API at /apis/networking.k8s.io/v1",
    "operations": [
     {
      "type": "v1.NetworkPolicyList",
      "method": "GET",
      "summary": "list or watch objects of kind NetworkPolicy",
      "nickname": "listNetworkPolicyForAllNamespaces",
      "parameters": [
       {
        "type": "string",
        "paramType": "query",
        "name": "pretty",
        "description": "If 'true', then the output is pretty printed.",
        "required": false,
        "allowMultiple": false
       },
       {
        "type": "string",
        "paramType": "query",
        "name": "labelSelector",
        "description": "A selector to restrict the list of returned objects by their labels. Defaults to everything.",
        "required": false,
        "allowMultiple": false
       },
       {
        "type": "string",
        "paramType": "query",
        "name": "fieldSelector",
        "description": "A selector to restrict the list of returned objects by their fields. Defaults to everything.",
        "required": false,
        "allowMultiple": false
       },
       {
        "type": "boolean",
        "paramType": "query",
        "name": "includeUninitialized",
        "description": "If true, partially initialized resources are included in the response.",
        "required": false,
        "allowMultiple": false
       },
       {
        "type": "boolean",
        "paramType": "query",
        "name": "watch",
        "description": "Watch for changes to the described resources and return them as a stream of add, update, and remove notifications. Specify resourceVersion.",
        "required": false,
        "allowMultiple": false
       },
       {
        "type": "string",
        "paramType": "query",
        "name": "resourceVersion",
        "description": "When specified with a watch call, shows changes that occur after that particular version of a resource. Defaults to changes from the beginning of history. When specified for list: - if unset, then the result is returned from remote storage based on quorum-read flag; - if it's 0, then we simply return what we currently have in cache, no guarantee; - if set to non zero, then the result is at least as fresh as given rv.",
        "required": false,
        "allowMultiple": false
       },
       {
        "type": "integer",
        "paramType": "query",
        "name": "timeoutSeconds",
        "description": "Timeout for the list/watch call. This limits the duration of the call, regardless of any activity or inactivity.",
        "required": false,
        "allowMultiple": false
       },
       {
        "type": "integer",
        "paramType": "query",
        "name": "limit",
        "description": "limit is a maximum number of responses to return for a list call. If more items exist, the server will set the `continue` field on the list metadata to a value that can be used with the same initial query to retrieve the next set of results. Setting a limit may return fewer than the requested amount of items (up to zero items) in the event all requested objects are filtered out and clients should only use the presence of the continue field to determine whether more results are available. Servers may choose not to support the limit argument and will return all of the available results. If limit is specified and the continue field is empty, clients may assume that no more results are available. This field is not supported if watch is true.\n\nThe server guarantees that the objects returned when using continue will be identical to issuing a single list call without a limit - that is, no objects created, modified, or deleted after the first request is issued will be included in any subsequent continued requests. This is sometimes referred to as a consistent snapshot, and ensures that a client that is using limit to receive smaller chunks of a very large result can ensure they see all possible objects. If objects are updated during a chunked list the version of the object that was present at the time the first list result was calculated is returned.",
        "required": false,
        "allowMultiple": false
       },
       {
        "type": "string",
        "paramType": "query",
        "name": "continue",
        "description": "The continue option should be set when retrieving more results from the server. Since this value is server defined, clients may only use the continue value from a previous query result with identical query parameters (except for the value of continue) and the server may reject a continue value it does not recognize. If the specified continue value is no longer valid whether due to expiration (generally five to fifteen minutes) or a configuration change on the server the server will respond with a 410 ResourceExpired error indicating the client must restart their list without the continue field. This field is not supported when watch is true. Clients may start a watch from the last resourceVersion value returned by the server and not miss any modifications.",
        "required": false,
        "allowMultiple": false
       }
      ],
      "responseMessages": [
       {
        "code": 200,
        "message": "OK",
        "responseModel": "v1.NetworkPolicyList"
       }
      ],
      "produces": [
       "application/json",
       "application/yaml",
       "application/vnd.kubernetes.protobuf",
       "application/json;stream=watch",
       "application/vnd.kubernetes.protobuf;stream=watch"
      ],
      "consumes": [
       "*/*"
      ]
     }
    ]
   },
   {
    "path": "/apis/networking.k8s.io/v1/watch/networkpolicies",
    "description": "API at /apis/networking.k8s.io/v1",
    "operations": [
     {
      "type": "v1.WatchEvent",
      "method": "GET",
      "summary": "watch individual changes to a list of NetworkPolicy",
      "nickname": "watchNetworkPolicyListForAllNamespaces",
      "parameters": [
       {
        "type": "string",
        "paramType": "query",
        "name": "pretty",
        "description": "If 'true', then the output is pretty printed.",
        "required": false,
        "allowMultiple": false
       },
       {
        "type": "string",
        "paramType": "query",
        "name": "labelSelector",
        "description": "A selector to restrict the list of returned objects by their labels. Defaults to everything.",
        "required": false,
        "allowMultiple": false
       },
       {
        "type": "string",
        "paramType": "query",
        "name": "fieldSelector",
        "description": "A selector to restrict the list of returned objects by their fields. Defaults to everything.",
        "required": false,
        "allowMultiple": false
       },
       {
        "type": "boolean",
        "paramType": "query",
        "name": "includeUninitialized",
        "description": "If true, partially initialized resources are included in the response.",
        "required": false,
        "allowMultiple": false
       },
       {
        "type": "boolean",
        "paramType": "query",
        "name": "watch",
        "description": "Watch for changes to the described resources and return them as a stream of add, update, and remove notifications. Specify resourceVersion.",
        "required": false,
        "allowMultiple": false
       },
       {
        "type": "string",
        "paramType": "query",
        "name": "resourceVersion",
        "description": "When specified with a watch call, shows changes that occur after that particular version of a resource. Defaults to changes from the beginning of history. When specified for list: - if unset, then the result is returned from remote storage based on quorum-read flag; - if it's 0, then we simply return what we currently have in cache, no guarantee; - if set to non zero, then the result is at least as fresh as given rv.",
        "required": false,
        "allowMultiple": false
       },
       {
        "type": "integer",
        "paramType": "query",
        "name": "timeoutSeconds",
        "description": "Timeout for the list/watch call. This limits the duration of the call, regardless of any activity or inactivity.",
        "required": false,
        "allowMultiple": false
       },
       {
        "type": "integer",
        "paramType": "query",
        "name": "limit",
        "description": "limit is a maximum number of responses to return for a list call. If more items exist, the server will set the `continue` field on the list metadata to a value that can be used with the same initial query to retrieve the next set of results. Setting a limit may return fewer than the requested amount of items (up to zero items) in the event all requested objects are filtered out and clients should only use the presence of the continue field to determine whether more results are available. Servers may choose not to support the limit argument and will return all of the available results. If limit is specified and the continue field is empty, clients may assume that no more results are available. This field is not supported if watch is true.\n\nThe server guarantees that the objects returned when using continue will be identical to issuing a single list call without a limit - that is, no objects created, modified, or deleted after the first request is issued will be included in any subsequent continued requests. This is sometimes referred to as a consistent snapshot, and ensures that a client that is using limit to receive smaller chunks of a very large result can ensure they see all possible objects. If objects are updated during a chunked list the version of the object that was present at the time the first list result was calculated is returned.",
        "required": false,
        "allowMultiple": false
       },
       {
        "type": "string",
        "paramType": "query",
        "name": "continue",
        "description": "The continue option should be set when retrieving more results from the server. Since this value is server defined, clients may only use the continue value from a previous query result with identical query parameters (except for the value of continue) and the server may reject a continue value it does not recognize. If the specified continue value is no longer valid whether due to expiration (generally five to fifteen minutes) or a configuration change on the server the server will respond with a 410 ResourceExpired error indicating the client must restart their list without the continue field. This field is not supported when watch is true. Clients may start a watch from the last resourceVersion value returned by the server and not miss any modifications.",
        "required": false,
        "allowMultiple": false
       }
      ],
      "responseMessages": [
       {
        "code": 200,
        "message": "OK",
        "responseModel": "v1.WatchEvent"
       }
      ],
      "produces": [
       "application/json",
       "application/yaml",
       "application/vnd.kubernetes.protobuf",
       "application/json;stream=watch",
       "application/vnd.kubernetes.protobuf;stream=watch"
      ],
      "consumes": [
       "*/*"
      ]
     }
    ]
   },
   {
    "path": "/apis/networking.k8s.io/v1",
    "description": "API at /apis/networking.k8s.io/v1",
    "operations": [
     {
      "type": "v1.APIResourceList",
      "method": "GET",
      "summary": "get available resources",
      "nickname": "getAPIResources",
      "parameters": [],
      "produces": [
       "application/json",
       "application/yaml",
       "application/vnd.kubernetes.protobuf"
      ],
      "consumes": [
       "application/json",
       "application/yaml",
       "application/vnd.kubernetes.protobuf"
      ]
     }
    ]
   }
  ],
  "models": {
   "v1.NetworkPolicyList": {
    "id": "v1.NetworkPolicyList",
    "description": "NetworkPolicyList is a list of NetworkPolicy objects.",
    "required": [
     "items"
    ],
    "properties": {
     "kind": {
      "type": "string",
      "description": "Kind is a string value representing the REST resource this object represents. Servers may infer this from the endpoint the client submits requests to. Cannot be updated. In CamelCase. More info: https://git.k8s.io/community/contributors/devel/api-conventions.md#types-kinds"
     },
     "apiVersion": {
      "type": "string",
      "description": "APIVersion defines the versioned schema of this representation of an object. Servers should convert recognized schemas to the latest internal value, and may reject unrecognized values. More info: https://git.k8s.io/community/contributors/devel/api-conventions.md#resources"
     },
     "metadata": {
      "$ref": "v1.ListMeta",
      "description": "Standard list metadata. More info: https://git.k8s.io/community/contributors/devel/api-conventions.md#metadata"
     },
     "items": {
      "type": "array",
      "items": {
       "$ref": "v1.NetworkPolicy"
      },
      "description": "Items is a list of schema objects."
     }
    }
   },
   "v1.ListMeta": {
    "id": "v1.ListMeta",
    "description": "ListMeta describes metadata that synthetic resources must have, including lists and various status objects. A resource may have only one of {ObjectMeta, ListMeta}.",
    "properties": {
     "selfLink": {
      "type": "string",
      "description": "selfLink is a URL representing this object. Populated by the system. Read-only."
     },
     "resourceVersion": {
      "type": "string",
      "description": "String that identifies the server's internal version of this object that can be used by clients to determine when objects have changed. Value must be treated as opaque by clients and passed unmodified back to the server. Populated by the system. Read-only. More info: https://git.k8s.io/community/contributors/devel/api-conventions.md#concurrency-control-and-consistency"
     },
     "continue": {
      "type": "string",
      "description": "continue may be set if the user set a limit on the number of items returned, and indicates that the server has more data available. The value is opaque and may be used to issue another request to the endpoint that served this list to retrieve the next set of available objects. Continuing a list may not be possible if the server configuration has changed or more than a few minutes have passed. The resourceVersion field returned when using this continue value will be identical to the value in the first response."
     }
    }
   },
   "v1.NetworkPolicy": {
    "id": "v1.NetworkPolicy",
    "description": "NetworkPolicy describes what network traffic is allowed for a set of Pods",
    "properties": {
     "kind": {
      "type": "string",
      "description": "Kind is a string value representing the REST resource this object represents. Servers may infer this from the endpoint the client submits requests to. Cannot be updated. In CamelCase. More info: https://git.k8s.io/community/contributors/devel/api-conventions.md#types-kinds"
     },
     "apiVersion": {
      "type": "string",
      "description": "APIVersion defines the versioned schema of this representation of an object. Servers should convert recognized schemas to the latest internal value, and may reject unrecognized values. More info: https://git.k8s.io/community/contributors/devel/api-conventions.md#resources"
     },
     "metadata": {
      "$ref": "v1.ObjectMeta",
      "description": "Standard object's metadata. More info: https://git.k8s.io/community/contributors/devel/api-conventions.md#metadata"
     },
     "spec": {
      "$ref": "v1.NetworkPolicySpec",
      "description": "Specification of the desired behavior for this NetworkPolicy."
     }
    }
   },
   "v1.ObjectMeta": {
    "id": "v1.ObjectMeta",
    "description": "ObjectMeta is metadata that all persisted resources must have, which includes all objects users must create.",
    "properties": {
     "name": {
      "type": "string",
      "description": "Name must be unique within a namespace. Is required when creating resources, although some resources may allow a client to request the generation of an appropriate name automatically. Name is primarily intended for creation idempotence and configuration definition. Cannot be updated. More info: http://kubernetes.io/docs/user-guide/identifiers#names"
     },
     "generateName": {
      "type": "string",
      "description": "GenerateName is an optional prefix, used by the server, to generate a unique name ONLY IF the Name field has not been provided. If this field is used, the name returned to the client will be different than the name passed. This value will also be combined with a unique suffix. The provided value has the same validation rules as the Name field, and may be truncated by the length of the suffix required to make the value unique on the server.\n\nIf this field is specified and the generated name exists, the server will NOT return a 409 - instead, it will either return 201 Created or 500 with Reason ServerTimeout indicating a unique name could not be found in the time allotted, and the client should retry (optionally after the time indicated in the Retry-After header).\n\nApplied only if Name is not specified. More info: https://git.k8s.io/community/contributors/devel/api-conventions.md#idempotency"
     },
     "namespace": {
      "type": "string",
      "description": "Namespace defines the space within each name must be unique. An empty namespace is equivalent to the \"default\" namespace, but \"default\" is the canonical representation. Not all objects are required to be scoped to a namespace - the value of this field for those objects will be empty.\n\nMust be a DNS_LABEL. Cannot be updated. More info: http://kubernetes.io/docs/user-guide/namespaces"
     },
     "selfLink": {
      "type": "string",
      "description": "SelfLink is a URL representing this object. Populated by the system. Read-only."
     },
     "uid": {
      "type": "string",
      "description": "UID is the unique in time and space value for this object. It is typically generated by the server on successful creation of a resource and is not allowed to change on PUT operations.\n\nPopulated by the system. Read-only. More info: http://kubernetes.io/docs/user-guide/identifiers#uids"
     },
     "resourceVersion": {
      "type": "string",
      "description": "An opaque value that represents the internal version of this object that can be used by clients to determine when objects have changed. May be used for optimistic concurrency, change detection, and the watch operation on a resource or set of resources. Clients must treat these values as opaque and passed unmodified back to the server. They may only be valid for a particular resource or set of resources.\n\nPopulated by the system. Read-only. Value must be treated as opaque by clients and . More info: https://git.k8s.io/community/contributors/devel/api-conventions.md#concurrency-control-and-consistency"
     },
     "generation": {
      "type": "integer",
      "format": "int64",
      "description": "A sequence number representing a specific generation of the desired state. Populated by the system. Read-only."
     },
     "creationTimestamp": {
      "type": "string",
      "description": "CreationTimestamp is a timestamp representing the server time when this object was created. It is not guaranteed to be set in happens-before order across separate operations. Clients may not set this value. It is represented in RFC3339 form and is in UTC.\n\nPopulated by the system. Read-only. Null for lists. More info: https://git.k8s.io/community/contributors/devel/api-conventions.md#metadata"
     },
     "deletionTimestamp": {
      "type": "string",
      "description": "DeletionTimestamp is RFC 3339 date and time at which this resource will be deleted. This field is set by the server when a graceful deletion is requested by the user, and is not directly settable by a client. The resource is expected to be deleted (no longer visible from resource lists, and not reachable by name) after the time in this field, once the finalizers list is empty. As long as the finalizers list contains items, deletion is blocked. Once the deletionTimestamp is set, this value may not be unset or be set further into the future, although it may be shortened or the resource may be deleted prior to this time. For example, a user may request that a pod is deleted in 30 seconds. The Kubelet will react by sending a graceful termination signal to the containers in the pod. After that 30 seconds, the Kubelet will send a hard termination signal (SIGKILL) to the container and after cleanup, remove the pod from the API. In the presence of network partitions, this object may still exist after this timestamp, until an administrator or automated process can determine the resource is fully terminated. If not set, graceful deletion of the object has not been requested.\n\nPopulated by the system when a graceful deletion is requested. Read-only. More info: https://git.k8s.io/community/contributors/devel/api-conventions.md#metadata"
     },
     "deletionGracePeriodSeconds": {
      "type": "integer",
      "format": "int64",
      "description": "Number of seconds allowed for this object to gracefully terminate before it will be removed from the system. Only set when deletionTimestamp is also set. May only be shortened. Read-only."
     },
     "labels": {
      "type": "object",
      "description": "Map of string keys and values that can be used to organize and categorize (scope and select) objects. May match selectors of replication controllers and services. More info: http://kubernetes.io/docs/user-guide/labels"
     },
     "annotations": {
      "type": "object",
      "description": "Annotations is an unstructured key value map stored with a resource that may be set by external tools to store and retrieve arbitrary metadata. They are not queryable and should be preserved when modifying objects. More info: http://kubernetes.io/docs/user-guide/annotations"
     },
     "ownerReferences": {
      "type": "array",
      "items": {
       "$ref": "v1.OwnerReference"
      },
      "description": "List of objects depended by this object. If ALL objects in the list have been deleted, this object will be garbage collected. If this object is managed by a controller, then an entry in this list will point to this controller, with the controller field set to true. There cannot be more than one managing controller."
     },
     "initializers": {
      "$ref": "v1.Initializers",
      "description": "An initializer is a controller which enforces some system invariant at object creation time. This field is a list of initializers that have not yet acted on this object. If nil or empty, this object has been completely initialized. Otherwise, the object is considered uninitialized and is hidden (in list/watch and get calls) from clients that haven't explicitly asked to observe uninitialized objects.\n\nWhen an object is created, the system will populate this list with the current set of initializers. Only privileged users may set or modify this list. Once it is empty, it may not be modified further by any user."
     },
     "finalizers": {
      "type": "array",
      "items": {
       "type": "string"
      },
      "description": "Must be empty before the object is deleted from the registry. Each entry is an identifier for the responsible component that will remove the entry from the list. If the deletionTimestamp of the object is non-nil, entries in this list can only be removed."
     },
     "clusterName": {
      "type": "string",
      "description": "The name of the cluster which the object belongs to. This is used to distinguish resources with same name and namespace in different clusters. This field is not set anywhere right now and apiserver is going to ignore it if set in create or update request."
     }
    }
   },
   "v1.OwnerReference": {
    "id": "v1.OwnerReference",
    "description": "OwnerReference contains enough information to let you identify an owning object. Currently, an owning object must be in the same namespace, so there is no namespace field.",
    "required": [
     "apiVersion",
     "kind",
     "name",
     "uid"
    ],
    "properties": {
     "apiVersion": {
      "type": "string",
      "description": "API version of the referent."
     },
     "kind": {
      "type": "string",
      "description": "Kind of the referent. More info: https://git.k8s.io/community/contributors/devel/api-conventions.md#types-kinds"
     },
     "name": {
      "type": "string",
      "description": "Name of the referent. More info: http://kubernetes.io/docs/user-guide/identifiers#names"
     },
     "uid": {
      "type": "string",
      "description": "UID of the referent. More info: http://kubernetes.io/docs/user-guide/identifiers#uids"
     },
     "controller": {
      "type": "boolean",
      "description": "If true, this reference points to the managing controller."
     },
     "blockOwnerDeletion": {
      "type": "boolean",
      "description": "If true, AND if the owner has the \"foregroundDeletion\" finalizer, then the owner cannot be deleted from the key-value store until this reference is removed. Defaults to false. To set this field, a user needs \"delete\" permission of the owner, otherwise 422 (Unprocessable Entity) will be returned."
     }
    }
   },
   "v1.Initializers": {
    "id": "v1.Initializers",
    "description": "Initializers tracks the progress of initialization.",
    "required": [
     "pending"
    ],
    "properties": {
     "pending": {
      "type": "array",
      "items": {
       "$ref": "v1.Initializer"
      },
      "description": "Pending is a list of initializers that must execute in order before this object is visible. When the last pending initializer is removed, and no failing result is set, the initializers struct will be set to nil and the object is considered as initialized and visible to all clients."
     },
     "result": {
      "$ref": "v1.Status",
      "description": "If result is set with the Failure field, the object will be persisted to storage and then deleted, ensuring that other clients can observe the deletion."
     }
    }
   },
   "v1.Initializer": {
    "id": "v1.Initializer",
    "description": "Initializer is information about an initializer that has not yet completed.",
    "required": [
     "name"
    ],
    "properties": {
     "name": {
      "type": "string",
      "description": "name of the process that is responsible for initializing this object."
     }
    }
   },
   "v1.Status": {
    "id": "v1.Status",
    "description": "Status is a return value for calls that don't return other objects.",
    "properties": {
     "kind": {
      "type": "string",
      "description": "Kind is a string value representing the REST resource this object represents. Servers may infer this from the endpoint the client submits requests to. Cannot be updated. In CamelCase. More info: https://git.k8s.io/community/contributors/devel/api-conventions.md#types-kinds"
     },
     "apiVersion": {
      "type": "string",
      "description": "APIVersion defines the versioned schema of this representation of an object. Servers should convert recognized schemas to the latest internal value, and may reject unrecognized values. More info: https://git.k8s.io/community/contributors/devel/api-conventions.md#resources"
     },
     "metadata": {
      "$ref": "v1.ListMeta",
      "description": "Standard list metadata. More info: https://git.k8s.io/community/contributors/devel/api-conventions.md#types-kinds"
     },
     "status": {
      "type": "string",
      "description": "Status of the operation. One of: \"Success\" or \"Failure\". More info: https://git.k8s.io/community/contributors/devel/api-conventions.md#spec-and-status"
     },
     "message": {
      "type": "string",
      "description": "A human-readable description of the status of this operation."
     },
     "reason": {
      "type": "string",
      "description": "A machine-readable description of why this operation is in the \"Failure\" status. If this value is empty there is no information available. A Reason clarifies an HTTP status code but does not override it."
     },
     "details": {
      "$ref": "v1.StatusDetails",
      "description": "Extended data associated with the reason.  Each reason may define its own extended details. This field is optional and the data returned is not guaranteed to conform to any schema except that defined by the reason type."
     },
     "code": {
      "type": "integer",
      "format": "int32",
      "description": "Suggested HTTP return code for this status, 0 if not set."
     }
    }
   },
   "v1.StatusDetails": {
    "id": "v1.StatusDetails",
    "description": "StatusDetails is a set of additional properties that MAY be set by the server to provide additional information about a response. The Reason field of a Status object defines what attributes will be set. Clients must ignore fields that do not match the defined type of each attribute, and should assume that any attribute may be empty, invalid, or under defined.",
    "properties": {
     "name": {
      "type": "string",
      "description": "The name attribute of the resource associated with the status StatusReason (when there is a single name which can be described)."
     },
     "group": {
      "type": "string",
      "description": "The group attribute of the resource associated with the status StatusReason."
     },
     "kind": {
      "type": "string",
      "description": "The kind attribute of the resource associated with the status StatusReason. On some operations may differ from the requested resource Kind. More info: https://git.k8s.io/community/contributors/devel/api-conventions.md#types-kinds"
     },
     "uid": {
      "type": "string",
      "description": "UID of the resource. (when there is a single resource which can be described). More info: http://kubernetes.io/docs/user-guide/identifiers#uids"
     },
     "causes": {
      "type": "array",
      "items": {
       "$ref": "v1.StatusCause"
      },
      "description": "The Causes array includes more details associated with the StatusReason failure. Not all StatusReasons may provide detailed causes."
     },
     "retryAfterSeconds": {
      "type": "integer",
      "format": "int32",
      "description": "If specified, the time in seconds before the operation should be retried. Some errors may indicate the client must take an alternate action - for those errors this field may indicate how long to wait before taking the alternate action."
     }
    }
   },
   "v1.StatusCause": {
    "id": "v1.StatusCause",
    "description": "StatusCause provides more information about an api.Status failure, including cases when multiple errors are encountered.",
    "properties": {
     "reason": {
      "type": "string",
      "description": "A machine-readable description of the cause of the error. If this value is empty there is no information available."
     },
     "message": {
      "type": "string",
      "description": "A human-readable description of the cause of the error.  This field may be presented as-is to a reader."
     },
     "field": {
      "type": "string",
      "description": "The field of the resource that has caused this error, as named by its JSON serialization. May include dot and postfix notation for nested attributes. Arrays are zero-indexed.  Fields may appear more than once in an array of causes due to fields having multiple errors. Optional.\n\nExamples:\n  \"name\" - the field \"name\" on the current resource\n  \"items[0].name\" - the field \"name\" on the first array entry in \"items\""
     }
    }
   },
   "v1.NetworkPolicySpec": {
    "id": "v1.NetworkPolicySpec",
    "description": "NetworkPolicySpec provides the specification of a NetworkPolicy",
    "required": [
     "podSelector"
    ],
    "properties": {
     "podSelector": {
      "$ref": "v1.LabelSelector",
      "description": "Selects the pods to which this NetworkPolicy object applies. The array of ingress rules is applied to any pods selected by this field. Multiple network policies can select the same set of pods. In this case, the ingress rules for each are combined additively. This field is NOT optional and follows standard label selector semantics. An empty podSelector matches all pods in this namespace."
     },
     "ingress": {
      "type": "array",
      "items": {
       "$ref": "v1.NetworkPolicyIngressRule"
      },
      "description": "List of ingress rules to be applied to the selected pods. Traffic is allowed to a pod if there are no NetworkPolicies selecting the pod (and cluster policy otherwise allows the traffic), OR if the traffic source is the pod's local node, OR if the traffic matches at least one ingress rule across all of the NetworkPolicy objects whose podSelector matches the pod. If this field is empty then this NetworkPolicy does not allow any traffic (and serves solely to ensure that the pods it selects are isolated by default)"
     },
     "egress": {
      "type": "array",
      "items": {
       "$ref": "v1.NetworkPolicyEgressRule"
      },
      "description": "List of egress rules to be applied to the selected pods. Outgoing traffic is allowed if there are no NetworkPolicies selecting the pod (and cluster policy otherwise allows the traffic), OR if the traffic matches at least one egress rule across all of the NetworkPolicy objects whose podSelector matches the pod. If this field is empty then this NetworkPolicy limits all outgoing traffic (and serves solely to ensure that the pods it selects are isolated by default). This field is beta-level in 1.8"
     },
     "policyTypes": {
      "type": "array",
      "items": {
       "$ref": "v1.PolicyType"
      },
      "description": "List of rule types that the NetworkPolicy relates to. Valid options are Ingress, Egress, or Ingress,Egress. If this field is not specified, it will default based on the existence of Ingress or Egress rules; policies that contain an Egress section are assumed to affect Egress, and all policies (whether or not they contain an Ingress section) are assumed to affect Ingress. If you want to write an egress-only policy, you must explicitly specify policyTypes [ \"Egress\" ]. Likewise, if you want to write a policy that specifies that no egress is allowed, you must specify a policyTypes value that include \"Egress\" (since such a policy would not include an Egress section and would otherwise default to just [ \"Ingress\" ]). This field is beta-level in 1.8"
     }
    }
   },
   "v1.LabelSelector": {
    "id": "v1.LabelSelector",
    "description": "A label selector is a label query over a set of resources. The result of matchLabels and matchExpressions are ANDed. An empty label selector matches all objects. A null label selector matches no objects.",
    "properties": {
     "matchLabels": {
      "type": "object",
      "description": "matchLabels is a map of {key,value} pairs. A single {key,value} in the matchLabels map is equivalent to an element of matchExpressions, whose key field is \"key\", the operator is \"In\", and the values array contains only \"value\". The requirements are ANDed."
     },
     "matchExpressions": {
      "type": "array",
      "items": {
       "$ref": "v1.LabelSelectorRequirement"
      },
      "description": "matchExpressions is a list of label selector requirements. The requirements are ANDed."
     }
    }
   },
   "v1.LabelSelectorRequirement": {
    "id": "v1.LabelSelectorRequirement",
    "description": "A label selector requirement is a selector that contains values, a key, and an operator that relates the key and values.",
    "required": [
     "key",
     "operator"
    ],
    "properties": {
     "key": {
      "type": "string",
      "description": "key is the label key that the selector applies to."
     },
     "operator": {
      "type": "string",
      "description": "operator represents a key's relationship to a set of values. Valid operators are In, NotIn, Exists and DoesNotExist."
     },
     "values": {
      "type": "array",
      "items": {
       "type": "string"
      },
      "description": "values is an array of string values. If the operator is In or NotIn, the values array must be non-empty. If the operator is Exists or DoesNotExist, the values array must be empty. This array is replaced during a strategic merge patch."
     }
    }
   },
   "v1.NetworkPolicyIngressRule": {
    "id": "v1.NetworkPolicyIngressRule",
    "description": "NetworkPolicyIngressRule describes a particular set of traffic that is allowed to the pods matched by a NetworkPolicySpec's podSelector. The traffic must match both ports and from.",
    "properties": {
     "ports": {
      "type": "array",
      "items": {
       "$ref": "v1.NetworkPolicyPort"
      },
      "description": "List of ports which should be made accessible on the pods selected for this rule. Each item in this list is combined using a logical OR. If this field is empty or missing, this rule matches all ports (traffic not restricted by port). If this field is present and contains at least one item, then this rule allows traffic only if the traffic matches at least one port in the list."
     },
     "from": {
      "type": "array",
      "items": {
       "$ref": "v1.NetworkPolicyPeer"
      },
      "description": "List of sources which should be able to access the pods selected for this rule. Items in this list are combined using a logical OR operation. If this field is empty or missing, this rule matches all sources (traffic not restricted by source). If this field is present and contains at least on item, this rule allows traffic only if the traffic matches at least one item in the from list."
     }
    }
   },
   "v1.NetworkPolicyPort": {
    "id": "v1.NetworkPolicyPort",
    "description": "NetworkPolicyPort describes a port to allow traffic on",
    "properties": {
     "protocol": {
      "$ref": "v1.Protocol",
      "description": "The protocol (TCP or UDP) which traffic must match. If not specified, this field defaults to TCP."
     },
     "port": {
      "type": "string",
      "description": "The port on the given protocol. This can either be a numerical or named port on a pod. If this field is not provided, this matches all port names and numbers."
     }
    }
   },
   "v1.Protocol": {
    "id": "v1.Protocol",
    "properties": {}
   },
   "v1.NetworkPolicyPeer": {
    "id": "v1.NetworkPolicyPeer",
    "description": "NetworkPolicyPeer describes a peer to allow traffic from. Only certain combinations of fields are allowed",
    "properties": {
     "podSelector": {
      "$ref": "v1.LabelSelector",
      "description": "This is a label selector which selects Pods. This field follows standard label selector semantics; if present but empty, it selects all pods.\n\nIf NamespaceSelector is also set, then the NetworkPolicyPeer as a whole selects the Pods matching PodSelector in the Namespaces selected by NamespaceSelector. Otherwise it selects the Pods matching PodSelector in the policy's own Namespace."
     },
     "namespaceSelector": {
      "$ref": "v1.LabelSelector",
      "description": "Selects Namespaces using cluster-scoped labels. This field follows standard label selector semantics; if present but empty, it selects all namespaces.\n\nIf PodSelector is also set, then the NetworkPolicyPeer as a whole selects the Pods matching PodSelector in the Namespaces selected by NamespaceSelector. Otherwise it selects all Pods in the Namespaces selected by NamespaceSelector."
     },
     "ipBlock": {
      "$ref": "v1.IPBlock",
      "description": "IPBlock defines policy on a particular IPBlock. If this field is set then neither of the other fields can be."
     }
    }
   },
   "v1.IPBlock": {
    "id": "v1.IPBlock",
    "description": "IPBlock describes a particular CIDR (Ex. \"192.168.1.1/24\") that is allowed to the pods matched by a NetworkPolicySpec's podSelector. The except entry describes CIDRs that should not be included within this rule.",
    "required": [
     "cidr"
    ],
    "properties": {
     "cidr": {
      "type": "string",
      "description": "CIDR is a string representing the IP Block Valid examples are \"192.168.1.1/24\""
     },
     "except": {
      "type": "array",
      "items": {
       "type": "string"
      },
      "description": "Except is a slice of CIDRs that should not be included within an IP Block Valid examples are \"192.168.1.1/24\" Except values will be rejected if they are outside the CIDR range"
     }
    }
   },
   "v1.NetworkPolicyEgressRule": {
    "id": "v1.NetworkPolicyEgressRule",
    "description": "NetworkPolicyEgressRule describes a particular set of traffic that is allowed out of pods matched by a NetworkPolicySpec's podSelector. The traffic must match both ports and to. This type is beta-level in 1.8",
    "properties": {
     "ports": {
      "type": "array",
      "items": {
       "$ref": "v1.NetworkPolicyPort"
      },
      "description": "List of destination ports for outgoing traffic. Each item in this list is combined using a logical OR. If this field is empty or missing, this rule matches all ports (traffic not restricted by port). If this field is present and contains at least one item, then this rule allows traffic only if the traffic matches at least one port in the list."
     },
     "to": {
      "type": "array",
      "items": {
       "$ref": "v1.NetworkPolicyPeer"
      },
      "description": "List of destinations for outgoing traffic of pods selected for this rule. Items in this list are combined using a logical OR operation. If this field is empty or missing, this rule matches all destinations (traffic not restricted by destination). If this field is present and contains at least one item, this rule allows traffic only if the traffic matches at least one item in the to list."
     }
    }
   },
   "v1.PolicyType": {
    "id": "v1.PolicyType",
    "properties": {}
   },
   "v1.WatchEvent": {
    "id": "v1.WatchEvent",
    "required": [
     "type",
     "object"
    ],
    "properties": {
     "type": {
      "type": "string"
     },
     "object": {
      "type": "string"
     }
    }
   },
   "v1.Patch": {
    "id": "v1.Patch",
    "description": "Patch is provided to give a concrete name and type to the Kubernetes PATCH request body.",
    "properties": {}
   },
   "v1.DeleteOptions": {
    "id": "v1.DeleteOptions",
    "description": "DeleteOptions may be provided when deleting an API object.",
    "properties": {
     "kind": {
      "type": "string",
      "description": "Kind is a string value representing the REST resource this object represents. Servers may infer this from the endpoint the client submits requests to. Cannot be updated. In CamelCase. More info: https://git.k8s.io/community/contributors/devel/api-conventions.md#types-kinds"
     },
     "apiVersion": {
      "type": "string",
      "description": "APIVersion defines the versioned schema of this representation of an object. Servers should convert recognized schemas to the latest internal value, and may reject unrecognized values. More info: https://git.k8s.io/community/contributors/devel/api-conventions.md#resources"
     },
     "gracePeriodSeconds": {
      "type": "integer",
      "format": "int64",
      "description": "The duration in seconds before the object should be deleted. Value must be non-negative integer. The value zero indicates delete immediately. If this value is nil, the default grace period for the specified type will be used. Defaults to a per object value if not specified. zero means delete immediately."
     },
     "preconditions": {
      "$ref": "v1.Preconditions",
      "description": "Must be fulfilled before a deletion is carried out. If not possible, a 409 Conflict status will be returned."
     },
     "orphanDependents": {
      "type": "boolean",
      "description": "Deprecated: please use the PropagationPolicy, this field will be deprecated in 1.7. Should the dependent objects be orphaned. If true/false, the \"orphan\" finalizer will be added to/removed from the object's finalizers list. Either this field or PropagationPolicy may be set, but not both."
     },
     "propagationPolicy": {
      "$ref": "v1.DeletionPropagation",
      "description": "Whether and how garbage collection will be performed. Either this field or OrphanDependents may be set, but not both. The default policy is decided by the existing finalizer set in the metadata.finalizers and the resource-specific default policy. Acceptable values are: 'Orphan' - orphan the dependents; 'Background' - allow the garbage collector to delete the dependents in the background; 'Foreground' - a cascading policy that deletes all dependents in the foreground."
     }
    }
   },
   "v1.Preconditions": {
    "id": "v1.Preconditions",
    "description": "Preconditions must be fulfilled before an operation (update, delete, etc.) is carried out.",
    "properties": {
     "uid": {
      "$ref": "types.UID",
      "description": "Specifies the target UID."
     }
    }
   },
   "types.UID": {
    "id": "types.UID",
    "properties": {}
   },
   "v1.DeletionPropagation": {
    "id": "v1.DeletionPropagation",
    "properties": {}
   },
   "v1.APIResourceList": {
    "id": "v1.APIResourceList",
    "description": "APIResourceList is a list of APIResource, it is used to expose the name of the resources supported in a specific group and version, and if the resource is namespaced.",
    "required": [
     "groupVersion",
     "resources"
    ],
    "properties": {
     "kind": {
      "type": "string",
      "description": "Kind is a string value representing the REST resource this object represents. Servers may infer this from the endpoint the client submits requests to. Cannot be updated. In CamelCase. More info: https://git.k8s.io/community/contributors/devel/api-conventions.md#types-kinds"
     },
     "apiVersion": {
      "type": "string",
      "description": "APIVersion defines the versioned schema of this representation of an object. Servers should convert recognized schemas to the latest internal value, and may reject unrecognized values. More info: https://git.k8s.io/community/contributors/devel/api-conventions.md#resources"
     },
     "groupVersion": {
      "type": "string",
      "description": "groupVersion is the group and version this APIResourceList is for."
     },
     "resources": {
      "type": "array",
      "items": {
       "$ref": "v1.APIResource"
      },
      "description": "resources contains the name of the resources and if they are namespaced."
     }
    }
   },
   "v1.APIResource": {
    "id": "v1.APIResource",
    "description": "APIResource specifies the name of a resource and whether it is namespaced.",
    "required": [
     "name",
     "singularName",
     "namespaced",
     "kind",
     "verbs"
    ],
    "properties": {
     "name": {
      "type": "string",
      "description": "name is the plural name of the resource."
     },
     "singularName": {
      "type": "string",
      "description": "singularName is the singular name of the resource.  This allows clients to handle plural and singular opaquely. The singularName is more correct for reporting status on a single item and both singular and plural are allowed from the kubectl CLI interface."
     },
     "namespaced": {
      "type": "boolean",
      "description": "namespaced indicates if a resource is namespaced or not."
     },
     "group": {
      "type": "string",
      "description": "group is the preferred group of the resource.  Empty implies the group of the containing resource list. For subresources, this may have a different value, for example: Scale\"."
     },
     "version": {
      "type": "string",
      "description": "version is the preferred version of the resource.  Empty implies the version of the containing resource list For subresources, this may have a different value, for example: v1 (while inside a v1beta1 version of the core resource's group)\"."
     },
     "kind": {
      "type": "string",
      "description": "kind is the kind for the resource (e.g. 'Foo' is the kind for a resource 'foo')"
     },
     "verbs": {
      "type": "array",
      "items": {
       "type": "string"
      },
      "description": "verbs is a list of supported kube verbs (this includes get, list, watch, create, update, patch, delete, deletecollection, and proxy)"
     },
     "shortNames": {
      "type": "array",
      "items": {
       "type": "string"
      },
      "description": "shortNames is a list of suggested short names of the resource."
     },
     "categories": {
      "type": "array",
      "items": {
       "type": "string"
      },
      "description": "categories is a list of the grouped resources this resource belongs to (e.g. 'all')"
     }
    }
   }
  }
 }
